Flight,Category,Detector,F1_Score,Latency_sec,False_Positive
nominal/flight_01,nominal,Mahalanobis,0.0,,0
nominal/flight_01,nominal,IsoForest,0.0,,1
nominal/flight_01,nominal,Leaky_CUSUM,0.0,,0
nominal/flight_02,nominal,Mahalanobis,0.0,,0
nominal/flight_02,nominal,IsoForest,0.0,,1
nominal/flight_02,nominal,Leaky_CUSUM,0.0,,0
nominal/flight_03,nominal,Mahalanobis,0.0,,0
nominal/flight_03,nominal,IsoForest,0.0,,1
nominal/flight_03,nominal,Leaky_CUSUM,0.0,,0
nominal/flight_04,nominal,Mahalanobis,0.0,,0
nominal/flight_04,nominal,IsoForest,0.0,,1
nominal/flight_04,nominal,Leaky_CUSUM,0.0,,0
nominal/flight_05,nominal,Mahalanobis,0.0,,0
nominal/flight_05,nominal,IsoForest,0.0,,1
nominal/flight_05,nominal,Leaky_CUSUM,0.0,,0
nominal/flight_06,nominal,Mahalanobis,0.0,,0
nominal/flight_06,nominal,IsoForest,0.0,,1
nominal/flight_06,nominal,Leaky_CUSUM,0.0,,0
nominal/flight_07,nominal,Mahalanobis,0.0,,0
nominal/flight_07,nominal,IsoForest,0.0,,1
nominal/flight_07,nominal,Leaky_CUSUM,0.0,,0
nominal/flight_08,nominal,Mahalanobis,0.0,,0
nominal/flight_08,nominal,IsoForest,0.0,,1
nominal/flight_08,nominal,Leaky_CUSUM,0.0,,0
nominal/flight_09,nominal,Mahalanobis,0.0,,0
nominal/flight_09,nominal,IsoForest,0.0,,1
nominal/flight_09,nominal,Leaky_CUSUM,0.0,,0
nominal/flight_10,nominal,Mahalanobis,0.0,,0
nominal/flight_10,nominal,IsoForest,0.0,,1
nominal/flight_10,nominal,Leaky_CUSUM,0.0,,0
step_attack/flight_01,step_attack,Mahalanobis,0.675,14.719999999999999,0
step_attack/flight_01,step_attack,IsoForest,0.993,,1
step_attack/flight_01,step_attack,Leaky_CUSUM,0.856,7.559999999999999,0
step_attack/flight_02,step_attack,Mahalanobis,0.677,14.659999999999997,0
step_attack/flight_02,step_attack,IsoForest,0.991,,1
step_attack/flight_02,step_attack,Leaky_CUSUM,0.866,7.079999999999998,0
step_attack/flight_03,step_attack,Mahalanobis,0.676,14.700000000000003,0
step_attack/flight_03,step_attack,IsoForest,0.987,,1
step_attack/flight_03,step_attack,Leaky_CUSUM,0.678,14.619999999999997,0
step_attack/flight_04,step_attack,Mahalanobis,0.676,14.700000000000003,0
step_attack/flight_04,step_attack,IsoForest,0.998,,1
step_attack/flight_04,step_attack,Leaky_CUSUM,0.85,7.82,0
step_attack/flight_05,step_attack,Mahalanobis,0.677,14.659999999999997,0
step_attack/flight_05,step_attack,IsoForest,0.944,3.1999999999999993,0
step_attack/flight_05,step_attack,Leaky_CUSUM,0.861,7.34,0
step_attack/flight_06,step_attack,Mahalanobis,0.674,14.759999999999998,0
step_attack/flight_06,step_attack,IsoForest,0.995,,1
step_attack/flight_06,step_attack,Leaky_CUSUM,0.856,7.579999999999998,0
step_attack/flight_07,step_attack,Mahalanobis,0.675,14.719999999999999,0
step_attack/flight_07,step_attack,IsoForest,0.991,,1
step_attack/flight_07,step_attack,Leaky_CUSUM,0.864,7.199999999999999,0
step_attack/flight_08,step_attack,Mahalanobis,0.676,14.700000000000003,0
step_attack/flight_08,step_attack,IsoForest,0.994,,1
step_attack/flight_08,step_attack,Leaky_CUSUM,0.856,7.539999999999999,0
step_attack/flight_09,step_attack,Mahalanobis,0.676,14.68,0
step_attack/flight_09,step_attack,IsoForest,0.988,,1
step_attack/flight_09,step_attack,Leaky_CUSUM,0.861,7.34,0
step_attack/flight_10,step_attack,Mahalanobis,0.679,14.579999999999998,0
step_attack/flight_10,step_attack,IsoForest,0.981,,1
step_attack/flight_10,step_attack,Leaky_CUSUM,0.682,14.5,0
ramp_attack/flight_01,ramp_attack,Mahalanobis,0.555,18.5,0
ramp_attack/flight_01,ramp_attack,IsoForest,0.998,,1
ramp_attack/flight_01,ramp_attack,Leaky_CUSUM,0.732,12.700000000000003,0
ramp_attack/flight_02,ramp_attack,Mahalanobis,0.591,17.439999999999998,0
ramp_attack/flight_02,ramp_attack,IsoForest,0.98,,1
ramp_attack/flight_02,ramp_attack,Leaky_CUSUM,0.75,12.0,0
ramp_attack/flight_03,ramp_attack,Mahalanobis,0.559,18.380000000000003,0
ramp_attack/flight_03,ramp_attack,IsoForest,0.996,0.26000000000000156,0
ramp_attack/flight_03,ramp_attack,Leaky_CUSUM,0.727,12.86,0
ramp_attack/flight_04,ramp_attack,Mahalanobis,0.593,17.380000000000003,0
ramp_attack/flight_04,ramp_attack,IsoForest,0.978,,1
ramp_attack/flight_04,ramp_attack,Leaky_CUSUM,0.751,11.96,0
ramp_attack/flight_05,ramp_attack,Mahalanobis,0.553,18.560000000000002,0
ramp_attack/flight_05,ramp_attack,IsoForest,1.0,,1
ramp_attack/flight_05,ramp_attack,Leaky_CUSUM,0.727,12.86,0
ramp_attack/flight_06,ramp_attack,Mahalanobis,0.595,17.32,0
ramp_attack/flight_06,ramp_attack,IsoForest,0.98,,1
ramp_attack/flight_06,ramp_attack,Leaky_CUSUM,0.753,11.899999999999999,0
ramp_attack/flight_07,ramp_attack,Mahalanobis,0.581,17.740000000000002,0
ramp_attack/flight_07,ramp_attack,IsoForest,0.986,,1
ramp_attack/flight_07,ramp_attack,Leaky_CUSUM,0.742,12.299999999999997,0
ramp_attack/flight_08,ramp_attack,Mahalanobis,0.573,17.979999999999997,0
ramp_attack/flight_08,ramp_attack,IsoForest,0.996,,1
ramp_attack/flight_08,ramp_attack,Leaky_CUSUM,0.742,12.32,0
ramp_attack/flight_09,ramp_attack,Mahalanobis,0.56,18.36,0
ramp_attack/flight_09,ramp_attack,IsoForest,0.994,0.379999999999999,0
ramp_attack/flight_09,ramp_attack,Leaky_CUSUM,0.727,12.86,0
ramp_attack/flight_10,ramp_attack,Mahalanobis,0.58,17.759999999999998,0
ramp_attack/flight_10,ramp_attack,IsoForest,0.988,,1
ramp_attack/flight_10,ramp_attack,Leaky_CUSUM,0.742,12.299999999999997,0
stealth_attack/flight_01,stealth_attack,Mahalanobis,0.0,,0
stealth_attack/flight_01,stealth_attack,IsoForest,0.993,,1
stealth_attack/flight_01,stealth_attack,Leaky_CUSUM,0.537,19.0,0
stealth_attack/flight_02,stealth_attack,Mahalanobis,0.0,,0
stealth_attack/flight_02,stealth_attack,IsoForest,1.0,0.0,0
stealth_attack/flight_02,stealth_attack,Leaky_CUSUM,0.528,19.259999999999998,0
stealth_attack/flight_03,stealth_attack,Mahalanobis,0.0,,0
stealth_attack/flight_03,stealth_attack,IsoForest,0.996,,1
stealth_attack/flight_03,stealth_attack,Leaky_CUSUM,0.546,18.740000000000002,0
stealth_attack/flight_04,stealth_attack,Mahalanobis,0.0,,0
stealth_attack/flight_04,stealth_attack,IsoForest,0.99,,1
stealth_attack/flight_04,stealth_attack,Leaky_CUSUM,0.544,18.799999999999997,0
stealth_attack/flight_05,stealth_attack,Mahalanobis,0.0,,0
stealth_attack/flight_05,stealth_attack,IsoForest,0.998,,1
stealth_attack/flight_05,stealth_attack,Leaky_CUSUM,0.541,18.880000000000003,0
stealth_attack/flight_06,stealth_attack,Mahalanobis,0.0,,0
stealth_attack/flight_06,stealth_attack,IsoForest,0.988,,1
stealth_attack/flight_06,stealth_attack,Leaky_CUSUM,0.553,18.560000000000002,0
stealth_attack/flight_07,stealth_attack,Mahalanobis,0.0,,0
stealth_attack/flight_07,stealth_attack,IsoForest,0.998,0.120000000000001,0
stealth_attack/flight_07,stealth_attack,Leaky_CUSUM,0.522,19.42,0
stealth_attack/flight_08,stealth_attack,Mahalanobis,0.0,,0
stealth_attack/flight_08,stealth_attack,IsoForest,0.994,0.35999999999999943,0
stealth_attack/flight_08,stealth_attack,Leaky_CUSUM,0.517,19.560000000000002,0
stealth_attack/flight_09,stealth_attack,Mahalanobis,0.0,,0
stealth_attack/flight_09,stealth_attack,IsoForest,0.994,,1
stealth_attack/flight_09,stealth_attack,Leaky_CUSUM,0.545,18.78,0
stealth_attack/flight_10,stealth_attack,Mahalanobis,0.0,,0
stealth_attack/flight_10,stealth_attack,IsoForest,0.993,,1
stealth_attack/flight_10,stealth_attack,Leaky_CUSUM,0.548,18.68,0
