Flight,Category,Detector,F1_Score,Precision,Recall,Latency_sec,False_Positive,First_Alarm_sec,Clean_Detection,Samples,TN,FP,FN,TP
nominal/flight_01,nominal,Mahalanobis,0.0,0.0,0.0,,1,18.7,0,2501,935,1566,0,0
nominal/flight_01,nominal,IsoForest,0.0,0.0,0.0,,1,24.94,0,2501,1247,1254,0,0
nominal/flight_01,nominal,Leaky_CUSUM,0.0,0.0,0.0,,1,18.66,0,2501,933,1568,0,0
nominal/flight_02,nominal,Mahalanobis,0.0,0.0,0.0,,1,18.44,0,2501,922,1579,0,0
nominal/flight_02,nominal,IsoForest,0.0,0.0,0.0,,1,18.56,0,2501,928,1573,0,0
nominal/flight_02,nominal,Leaky_CUSUM,0.0,0.0,0.0,,1,18.42,0,2501,921,1580,0,0
nominal/flight_03,nominal,Mahalanobis,0.0,0.0,0.0,,1,20.76,0,2501,1038,1463,0,0
nominal/flight_03,nominal,IsoForest,0.0,0.0,0.0,,1,27.18,0,2501,1359,1142,0,0
nominal/flight_03,nominal,Leaky_CUSUM,0.0,0.0,0.0,,1,20.72,0,2501,1036,1465,0,0
nominal/flight_04,nominal,Mahalanobis,0.0,0.0,0.0,,1,19.5,0,2501,975,1526,0,0
nominal/flight_04,nominal,IsoForest,0.0,0.0,0.0,,1,19.62,0,2501,981,1520,0,0
nominal/flight_04,nominal,Leaky_CUSUM,0.0,0.0,0.0,,1,19.5,0,2501,975,1526,0,0
nominal/flight_05,nominal,Mahalanobis,0.0,0.0,0.0,,1,19.38,0,2501,969,1532,0,0
nominal/flight_05,nominal,IsoForest,0.0,0.0,0.0,,1,25.76,0,2501,1288,1213,0,0
nominal/flight_05,nominal,Leaky_CUSUM,0.0,0.0,0.0,,1,19.34,0,2501,967,1534,0,0
nominal/flight_06,nominal,Mahalanobis,0.0,0.0,0.0,,1,19.94,0,2501,997,1504,0,0
nominal/flight_06,nominal,IsoForest,0.0,0.0,0.0,,1,20.04,0,2501,1002,1499,0,0
nominal/flight_06,nominal,Leaky_CUSUM,0.0,0.0,0.0,,1,19.92,0,2501,996,1505,0,0
nominal/flight_07,nominal,Mahalanobis,0.0,0.0,0.0,,1,19.42,0,2501,971,1530,0,0
nominal/flight_07,nominal,IsoForest,0.0,0.0,0.0,,1,31.76,0,2501,1588,913,0,0
nominal/flight_07,nominal,Leaky_CUSUM,0.0,0.0,0.0,,1,19.38,0,2501,969,1532,0,0
nominal/flight_08,nominal,Mahalanobis,0.0,0.0,0.0,,1,20.48,0,2501,1024,1477,0,0
nominal/flight_08,nominal,IsoForest,0.0,0.0,0.0,,1,26.8,0,2501,1340,1161,0,0
nominal/flight_08,nominal,Leaky_CUSUM,0.0,0.0,0.0,,1,20.46,0,2501,1023,1478,0,0
nominal/flight_09,nominal,Mahalanobis,0.0,0.0,0.0,,1,19.64,0,2501,982,1519,0,0
nominal/flight_09,nominal,IsoForest,0.0,0.0,0.0,,1,19.78,0,2501,989,1512,0,0
nominal/flight_09,nominal,Leaky_CUSUM,0.0,0.0,0.0,,1,19.62,0,2501,981,1520,0,0
nominal/flight_10,nominal,Mahalanobis,0.0,0.0,0.0,,1,19.5,0,2501,975,1526,0,0
nominal/flight_10,nominal,IsoForest,0.0,0.0,0.0,,1,25.64,0,2501,1282,1219,0,0
nominal/flight_10,nominal,Leaky_CUSUM,0.0,0.0,0.0,,1,19.48,0,2501,974,1527,0,0
step_attack/flight_01,step_attack,Mahalanobis,0.899,0.8171129980404964,1.0,,1,19.4,0,2501,970,280,0,1251
step_attack/flight_01,step_attack,IsoForest,0.901,0.820327868852459,1.0,,1,19.52,0,2501,976,274,0,1251
step_attack/flight_01,step_attack,Leaky_CUSUM,0.899,0.816579634464752,1.0,,1,19.38,0,2501,969,281,0,1251
step_attack/flight_02,step_attack,Mahalanobis,0.897,0.8139232270657124,1.0,,1,19.28,0,2501,964,286,0,1251
step_attack/flight_02,step_attack,IsoForest,0.899,0.816579634464752,1.0,,1,19.38,0,2501,969,281,0,1251
step_attack/flight_02,step_attack,Leaky_CUSUM,0.897,0.8133940182054616,1.0,,1,19.26,0,2501,963,287,0,1251
step_attack/flight_03,step_attack,Mahalanobis,0.893,0.8070967741935484,1.0,,1,19.02,0,2501,951,299,0,1251
step_attack/flight_03,step_attack,IsoForest,1.0,1.0,0.9992006394884093,0.019999999999999574,0,25.02,1,2501,1250,0,1,1250
step_attack/flight_03,step_attack,Leaky_CUSUM,0.893,0.8060567010309279,1.0,,1,18.98,0,2501,949,301,0,1251
step_attack/flight_04,step_attack,Mahalanobis,0.905,0.8262879788639366,1.0,,1,19.74,0,2501,987,263,0,1251
step_attack/flight_04,step_attack,IsoForest,1.0,1.0,1.0,0.0,0,25.0,1,2501,1250,0,0,1251
step_attack/flight_04,step_attack,Leaky_CUSUM,0.905,0.8257425742574257,1.0,,1,19.72,0,2501,986,264,0,1251
step_attack/flight_05,step_attack,Mahalanobis,0.902,0.8208661417322834,1.0,,1,19.54,0,2501,977,273,0,1251
step_attack/flight_05,step_attack,IsoForest,0.903,0.8235681369321922,1.0,,1,19.64,0,2501,982,268,0,1251
step_attack/flight_05,step_attack,Leaky_CUSUM,0.901,0.820327868852459,1.0,,1,19.52,0,2501,976,274,0,1251
step_attack/flight_06,step_attack,Mahalanobis,0.901,0.820327868852459,1.0,,1,19.52,0,2501,976,274,0,1251
step_attack/flight_06,step_attack,IsoForest,0.903,0.8230263157894737,1.0,,1,19.62,0,2501,981,269,0,1251
step_attack/flight_06,step_attack,Leaky_CUSUM,0.901,0.8197903014416776,1.0,,1,19.5,0,2501,975,275,0,1251
step_attack/flight_07,step_attack,Mahalanobis,0.898,0.814453125,1.0,,1,19.3,0,2501,965,285,0,1251
step_attack/flight_07,step_attack,IsoForest,0.901,0.8197903014416776,1.0,,1,19.5,0,2501,975,275,0,1251
step_attack/flight_07,step_attack,Leaky_CUSUM,0.897,0.8139232270657124,1.0,,1,19.28,0,2501,964,286,0,1251
step_attack/flight_08,step_attack,Mahalanobis,0.901,0.8197903014416776,1.0,,1,19.5,0,2501,975,275,0,1251
step_attack/flight_08,step_attack,IsoForest,0.902,0.8219448094612353,1.0,,1,19.58,0,2501,979,271,0,1251
step_attack/flight_08,step_attack,Leaky_CUSUM,0.901,0.8192534381139489,1.0,,1,19.48,0,2501,974,276,0,1251
step_attack/flight_09,step_attack,Mahalanobis,0.894,0.8086619263089851,1.0,,1,19.08,0,2501,954,296,0,1251
step_attack/flight_09,step_attack,IsoForest,0.896,0.8123376623376624,1.0,,1,19.22,0,2501,961,289,0,1251
step_attack/flight_09,step_attack,Leaky_CUSUM,0.894,0.8086619263089851,1.0,,1,19.08,0,2501,954,296,0,1251
step_attack/flight_10,step_attack,Mahalanobis,0.888,0.7988505747126436,1.0,,1,18.7,0,2501,935,315,0,1251
step_attack/flight_10,step_attack,IsoForest,0.89,0.801923076923077,1.0,,1,18.82,0,2501,941,309,0,1251
step_attack/flight_10,step_attack,Leaky_CUSUM,0.888,0.7983407785577536,1.0,,1,18.68,0,2501,934,316,0,1251
ramp_attack/flight_01,ramp_attack,Mahalanobis,0.905,0.8262879788639366,1.0,,1,19.74,0,2501,987,263,0,1251
ramp_attack/flight_01,ramp_attack,IsoForest,0.907,0.8290258449304175,1.0,,1,19.84,0,2501,992,258,0,1251
ramp_attack/flight_01,ramp_attack,Leaky_CUSUM,0.905,0.8262879788639366,1.0,,1,19.74,0,2501,987,263,0,1251
ramp_attack/flight_02,ramp_attack,Mahalanobis,0.887,0.7973231357552581,1.0,,1,18.64,0,2501,932,318,0,1251
ramp_attack/flight_02,ramp_attack,IsoForest,0.888,0.7993610223642172,1.0,,1,18.72,0,2501,936,314,0,1251
ramp_attack/flight_02,ramp_attack,Leaky_CUSUM,0.887,0.7973231357552581,1.0,,1,18.64,0,2501,932,318,0,1251
ramp_attack/flight_03,ramp_attack,Mahalanobis,0.911,0.8362299465240641,1.0,,1,20.1,0,2501,1005,245,0,1251
ramp_attack/flight_03,ramp_attack,IsoForest,0.977,1.0,0.9544364508393285,1.1400000000000006,0,26.14,1,2501,1250,0,57,1194
ramp_attack/flight_03,ramp_attack,Leaky_CUSUM,0.91,0.8356713426853707,1.0,,1,20.08,0,2501,1004,246,0,1251
ramp_attack/flight_04,ramp_attack,Mahalanobis,0.885,0.7932783766645529,1.0,,1,18.48,0,2501,924,326,0,1251
ramp_attack/flight_04,ramp_attack,IsoForest,0.998,0.9952267303102625,1.0,,1,24.88,0,2501,1244,6,0,1251
ramp_attack/flight_04,ramp_attack,Leaky_CUSUM,0.884,0.7927756653992395,1.0,,1,18.46,0,2501,923,327,0,1251
ramp_attack/flight_05,ramp_attack,Mahalanobis,0.906,0.828476821192053,1.0,,1,19.82,0,2501,991,259,0,1251
ramp_attack/flight_05,ramp_attack,IsoForest,0.908,0.8312292358803987,1.0,,1,19.92,0,2501,996,254,0,1251
ramp_attack/flight_05,ramp_attack,Leaky_CUSUM,0.906,0.827928524156188,1.0,,1,19.8,0,2501,990,260,0,1251
ramp_attack/flight_06,ramp_attack,Mahalanobis,0.887,0.7968152866242039,1.0,,1,18.62,0,2501,931,319,0,1251
ramp_attack/flight_06,ramp_attack,IsoForest,0.888,0.7993610223642172,1.0,,1,18.72,0,2501,936,314,0,1251
ramp_attack/flight_06,ramp_attack,Leaky_CUSUM,0.887,0.7963080840229153,1.0,,1,18.6,0,2501,930,320,0,1251
ramp_attack/flight_07,ramp_attack,Mahalanobis,0.894,0.8076178179470627,1.0,,1,19.04,0,2501,952,298,0,1251
ramp_attack/flight_07,ramp_attack,IsoForest,0.896,0.811284046692607,1.0,,1,19.18,0,2501,959,291,0,1251
ramp_attack/flight_07,ramp_attack,Leaky_CUSUM,0.893,0.8070967741935484,1.0,,1,19.02,0,2501,951,299,0,1251
ramp_attack/flight_08,ramp_attack,Mahalanobis,0.903,0.8230263157894737,1.0,,1,19.62,0,2501,981,269,0,1251
ramp_attack/flight_08,ramp_attack,IsoForest,0.987,1.0,0.9752198241406874,0.620000000000001,0,25.62,1,2501,1250,0,31,1220
ramp_attack/flight_08,ramp_attack,Leaky_CUSUM,0.903,0.8224852071005917,1.0,,1,19.6,0,2501,980,270,0,1251
ramp_attack/flight_09,ramp_attack,Mahalanobis,0.912,0.8384718498659517,1.0,,1,20.18,0,2501,1009,241,0,1251
ramp_attack/flight_09,ramp_attack,IsoForest,0.913,0.8407258064516129,1.0,,1,20.26,0,2501,1013,237,0,1251
ramp_attack/flight_09,ramp_attack,Leaky_CUSUM,0.912,0.8384718498659517,1.0,,1,20.18,0,2501,1009,241,0,1251
ramp_attack/flight_10,ramp_attack,Mahalanobis,0.894,0.8086619263089851,1.0,,1,19.08,0,2501,954,296,0,1251
ramp_attack/flight_10,ramp_attack,IsoForest,0.896,0.811284046692607,1.0,,1,19.18,0,2501,959,291,0,1251
ramp_attack/flight_10,ramp_attack,Leaky_CUSUM,0.894,0.8081395348837209,1.0,,1,19.06,0,2501,953,297,0,1251
stealth_attack/flight_01,stealth_attack,Mahalanobis,0.9,0.8181818181818182,1.0,,1,19.44,0,2501,972,278,0,1251
stealth_attack/flight_01,stealth_attack,IsoForest,0.982,1.0,0.964828137490008,0.879999999999999,0,25.88,1,2501,1250,0,44,1207
stealth_attack/flight_01,stealth_attack,Leaky_CUSUM,0.9,0.8176470588235294,1.0,,1,19.42,0,2501,971,279,0,1251
stealth_attack/flight_02,stealth_attack,Mahalanobis,0.907,0.8290258449304175,1.0,,1,19.84,0,2501,992,258,0,1251
stealth_attack/flight_02,stealth_attack,IsoForest,0.976,1.0,0.9528377298161471,1.1799999999999997,0,26.18,1,2501,1250,0,59,1192
stealth_attack/flight_02,stealth_attack,Leaky_CUSUM,0.906,0.828476821192053,1.0,,1,19.82,0,2501,991,259,0,1251
stealth_attack/flight_03,stealth_attack,Mahalanobis,0.903,0.8230263157894737,1.0,,1,19.62,0,2501,981,269,0,1251
stealth_attack/flight_03,stealth_attack,IsoForest,0.981,1.0,0.9624300559552358,0.9400000000000013,0,25.94,1,2501,1250,0,47,1204
stealth_attack/flight_03,stealth_attack,Leaky_CUSUM,0.902,0.8219448094612353,1.0,,1,19.58,0,2501,979,271,0,1251
stealth_attack/flight_04,stealth_attack,Mahalanobis,0.897,0.8128654970760234,1.0,,1,19.24,0,2501,962,288,0,1251
stealth_attack/flight_04,stealth_attack,IsoForest,0.988,1.0,0.9760191846522782,0.6000000000000014,0,25.6,1,2501,1250,0,30,1221
stealth_attack/flight_04,stealth_attack,Leaky_CUSUM,0.896,0.8123376623376624,1.0,,1,19.22,0,2501,961,289,0,1251
stealth_attack/flight_05,stealth_attack,Mahalanobis,0.905,0.8257425742574257,1.0,,1,19.72,0,2501,986,264,0,1251
stealth_attack/flight_05,stealth_attack,IsoForest,0.983,1.0,0.9656274980015987,0.8599999999999994,0,25.86,1,2501,1250,0,43,1208
stealth_attack/flight_05,stealth_attack,Leaky_CUSUM,0.904,0.8246539222148979,1.0,,1,19.68,0,2501,984,266,0,1251
stealth_attack/flight_06,stealth_attack,Mahalanobis,0.895,0.8097087378640777,1.0,,1,19.12,0,2501,956,294,0,1251
stealth_attack/flight_06,stealth_attack,IsoForest,0.993,1.0,0.9864108713029577,0.33999999999999986,0,25.34,1,2501,1250,0,17,1234
stealth_attack/flight_06,stealth_attack,Leaky_CUSUM,0.894,0.8086619263089851,1.0,,1,19.08,0,2501,954,296,0,1251
stealth_attack/flight_07,stealth_attack,Mahalanobis,0.909,0.8328894806924101,1.0,,1,19.98,0,2501,999,251,0,1251
stealth_attack/flight_07,stealth_attack,IsoForest,0.973,1.0,0.947242206235012,1.3200000000000003,0,26.32,1,2501,1250,0,66,1185
stealth_attack/flight_07,stealth_attack,Leaky_CUSUM,0.908,0.831781914893617,1.0,,1,19.94,0,2501,997,253,0,1251
stealth_attack/flight_08,stealth_attack,Mahalanobis,0.913,0.8395973154362416,1.0,,1,20.22,0,2501,1011,239,0,1251
stealth_attack/flight_08,stealth_attack,IsoForest,0.97,1.0,0.9416466826538769,1.4600000000000009,0,26.46,1,2501,1250,0,73,1178
stealth_attack/flight_08,stealth_attack,Leaky_CUSUM,0.912,0.8390342052313883,1.0,,1,20.2,0,2501,1010,240,0,1251
stealth_attack/flight_09,stealth_attack,Mahalanobis,0.901,0.820327868852459,1.0,,1,19.52,0,2501,976,274,0,1251
stealth_attack/flight_09,stealth_attack,IsoForest,0.903,0.8235681369321922,1.0,,1,19.64,0,2501,982,268,0,1251
stealth_attack/flight_09,stealth_attack,Leaky_CUSUM,0.901,0.8197903014416776,1.0,,1,19.5,0,2501,975,275,0,1251
stealth_attack/flight_10,stealth_attack,Mahalanobis,0.9,0.8176470588235294,1.0,,1,19.42,0,2501,971,279,0,1251
stealth_attack/flight_10,stealth_attack,IsoForest,0.901,0.820327868852459,1.0,,1,19.52,0,2501,976,274,0,1251
stealth_attack/flight_10,stealth_attack,Leaky_CUSUM,0.9,0.8176470588235294,1.0,,1,19.42,0,2501,971,279,0,1251
