Category,Detector,Flights,F1_mean,F1_std,False_alarm_flights,Clean_detections,Latency_mean_sec,Latency_count
nominal,Mahalanobis,10,0.0,0.0,10,0,,0
nominal,IsoForest,10,0.0,0.0,10,0,,0
nominal,Leaky_CUSUM,10,0.0,0.0,10,0,,0
step_attack,Mahalanobis,10,0.8977999999999999,0.00500666222813828,10,0,,0
step_attack,IsoForest,10,0.9195,0.042607380685614656,8,2,0.009999999999999787,2
step_attack,Leaky_CUSUM,10,0.8976000000000001,0.0049261208538429685,10,0,,0
ramp_attack,Mahalanobis,10,0.8984,0.010243697249203222,10,0,,0
ramp_attack,IsoForest,10,0.9258000000000001,0.04352215272453531,8,2,0.8800000000000008,2
ramp_attack,Leaky_CUSUM,10,0.8981,0.010311266761277329,10,0,,0
stealth_attack,Mahalanobis,10,0.9030000000000001,0.005557777333511024,10,0,,0
stealth_attack,IsoForest,10,0.9650000000000001,0.033882148692194844,2,8,0.9475000000000002,8
stealth_attack,Leaky_CUSUM,10,0.9023,0.00541705126839727,10,0,,0
