timestamp,lat,lon,alt,vel_n,vel_e,vel_d
17856000,0.0,0.0,0.0,0,0,0
17888000,0.0,0.0,0.0,0,0,0
18844000,0.0,0.0,0.0,0,0,0
19836000,0.0,0.0,0.0,0,0,0
20856000,0.0,0.0,0.0,0,0,0
21848000,0.0,0.0,0.0,0,0,0
22836000,0.0,0.0,0.0,0,0,0
23860000,0.0,0.0,0.0,0,0,0
24852000,0.0,0.0,0.0,0,0,0
25840000,0.0,0.0,0.0,0,0,0
26832000,0.0,0.0,0.0,0,0,0
27852000,0.0,0.0,0.0,0,0,0
28844000,0.0,0.0,0.0,0,0,0
29832000,0.0,0.0,0.0,0,0,0
30856000,0.0,0.0,0.0,0,0,0
31848000,0.0,0.0,0.0,0,0,0
32836000,0.0,0.0,0.0,0,0,0
33828000,0.0,0.0,0.0,0,0,0
34848000,0.0,0.0,0.0,0,0,0
35844000,0.0,0.0,0.0,0,0,0
36828000,0.0,0.0,0.0,0,0,0
37852000,0.0,0.0,0.0,0,0,0
38844000,0.0,0.0,0.0,0,0,0
39832000,0.0,0.0,0.0,0,0,0
40856000,0.0,0.0,0.0,0,0,0
41844000,0.0,0.0,0.0,0,0,0
42836000,0.0,0.0,0.0,0,0,0
43824000,0.0,0.0,0.0,0,0,0
44848000,0.0,0.0,0.0,0,0,0
45840000,0.0,0.0,0.0,0,0,0
46828000,0.0,0.0,0.0,0,0,0
47852000,0.0,0.0,0.0,0,0,0
48840000,0.0,0.0,0.0,0,0,0
49832000,0.0,0.0,0.0,0,0,0
50856000,0.0,0.0,0.0,0,0,0
51844000,0.0,0.0,0.0,0,0,0
52836000,0.0,0.0,0.0,0,0,0
53856000,0.0,0.0,0.0,0,0,0
54848000,0.0,0.0,0.0,0,0,0
55836000,0.0,0.0,0.0,0,0,0
56828000,0.0,0.0,0.0,0,0,0
57852000,0.0,0.0,0.0,0,0,0
58840000,0.0,0.0,0.0,0,0,0
59832000,0.0,0.0,0.0,0,0,0
60852000,0.0,0.0,0.0,0,0,0
61844000,0.0,0.0,0.0,0,0,0
62832000,0.0,0.0,0.0,0,0,0
63856000,0.0,0.0,0.0,0,0,0
64848000,0.0,0.0,0.0,0,0,0
65836000,0.0,0.0,0.0,0,0,0
66828000,0.0,0.0,0.0,0,0,0
67848000,0.0,0.0,0.0,0,0,0
68844000,0.0,0.0,0.0,0,0,0
69828000,0.0,0.0,0.0,0,0,0
